Innings Player,Innings Runs Scored,Innings Runs Scored Num,Innings Minutes Batted,Innings Batted Flag,Innings Not Out Flag,Innings Balls Faced,Innings Boundary Fours,Innings Boundary Sixes,Innings Batting Strike Rate,Innings Number,Opposition,Ground,Innings Date,Country,"50's","100's",Innings Runs Scored Buckets,Innings Overs Bowled,Innings Bowled Flag,Innings Maidens Bowled,Innings Runs Conceded,Innings Wickets Taken,4 Wickets,5 Wickets,10 Wickets,Innings Wickets Taken Buckets,Innings Economy Rate
SPD Smith,79*,79,88,1,1,79,8,0,100.00,2,v West Indies,Melbourne,2024/02/02,Australia,1,0,50-99,,,,,,,,,,
C Green,77*,77,135,1,1,104,4,2,74.03,2,v West Indies,Melbourne,2024/02/02,Australia,1,0,50-99,,,,,,,,,,
SA Abbott,69,69,74,1,0,63,1,4,109.52,1,v West Indies,Sydney,2024/02/04,Australia,1,0,50-99,,,,,,,,,,
JP Inglis,65,65,49,1,0,43,10,1,151.16,2,v West Indies,Melbourne,2024/02/02,Australia,1,0,50-99,,,,,,,,,,
MW Short,41,41,64,1,0,55,2,1,74.54,1,v West Indies,Sydney,2024/02/04,Australia,0,0,0-49,,,,,,,,,,
J Fraser-McGurk,41,41,21,1,0,18,5,3,227.77,2,v West Indies,Canberra,2024/02/06,Australia,0,0,0-49,,,,,,,,,,
JP Inglis,35*,35,32,1,1,16,4,1,218.75,2,v West Indies,Canberra,2024/02/06,Australia,0,0,0-49,,,,,,,,,,
C Green,33,33,69,1,0,41,5,1,80.48,1,v West Indies,Sydney,2024/02/04,Australia,0,0,0-49,,,,,,,,,,
M Labuschagne,26,26,40,1,0,33,3,1,78.78,1,v West Indies,Sydney,2024/02/04,Australia,0,0,0-49,,,,,,,,,,
AM Hardie,26,26,41,1,0,36,3,0,72.22,1,v West Indies,Sydney,2024/02/04,Australia,0,0,0-49,,,,,,,,,,
W Sutherland,18,18,40,1,0,33,0,0,54.54,1,v West Indies,Sydney,2024/02/04,Australia,0,0,0-49,,,,,,,,,,
J Fraser-McGurk,10,10,3,1,0,5,1,1,200.00,1,v West Indies,Sydney,2024/02/04,Australia,0,0,0-49,,,,,,,,,,
JP Inglis,9,9,14,1,0,11,1,0,81.81,1,v West Indies,Sydney,2024/02/04,Australia,0,0,0-49,,,,,,,,,,
A Zampa,8*,8,21,1,1,11,0,0,72.72,1,v West Indies,Sydney,2024/02/04,Australia,0,0,0-49,,,,,,,,,,
SPD Smith,6*,6,2,1,1,3,1,0,200.00,2,v West Indies,Canberra,2024/02/06,Australia,0,0,0-49,,,,,,,,,,
SPD Smith,5,5,19,1,0,10,1,0,50.00,1,v West Indies,Sydney,2024/02/04,Australia,0,0,0-49,,,,,,,,,,
JR Hazlewood,4*,4,6,1,1,4,0,0,100.00,1,v West Indies,Sydney,2024/02/04,Australia,0,0,0-49,,,,,,,,,,
TM Head,4,4,3,1,0,5,1,0,80.00,2,v West Indies,Melbourne,2024/02/02,Australia,0,0,0-49,,,,,,,,,,
AM Hardie,2,2,7,1,0,5,0,0,40.00,2,v West Indies,Canberra,2024/02/06,Australia,0,0,0-49,,,,,,,,,,
SA Abbott,DNB,-,-,0,0,-,-,-,-,2,v West Indies,Melbourne,2024/02/02,Australia,0,0,-,,,,,,,,,,
AM Hardie,DNB,-,-,0,0,-,-,-,-,2,v West Indies,Melbourne,2024/02/02,Australia,0,0,-,,,,,,,,,,
XC Bartlett,DNB,-,-,0,0,-,-,-,-,2,v West Indies,Melbourne,2024/02/02,Australia,0,0,-,,,,,,,,,,
LR Morris,DNB,-,-,0,0,-,-,-,-,2,v West Indies,Melbourne,2024/02/02,Australia,0,0,-,,,,,,,,,,
A Zampa,DNB,-,-,0,0,-,-,-,-,2,v West Indies,Melbourne,2024/02/02,Australia,0,0,-,,,,,,,,,,
M Labuschagne,DNB,-,-,0,0,-,-,-,-,2,v West Indies,Melbourne,2024/02/02,Australia,0,0,-,,,,,,,,,,
MW Short,DNB,-,-,0,0,-,-,-,-,2,v West Indies,Melbourne,2024/02/02,Australia,0,0,-,,,,,,,,,,
A Zampa,DNB,-,-,0,0,-,-,-,-,2,v West Indies,Canberra,2024/02/06,Australia,0,0,-,,,,,,,,,,
C Green,DNB,-,-,0,0,-,-,-,-,2,v West Indies,Canberra,2024/02/06,Australia,0,0,-,,,,,,,,,,
M Labuschagne,DNB,-,-,0,0,-,-,-,-,2,v West Indies,Canberra,2024/02/06,Australia,0,0,-,,,,,,,,,,
SA Abbott,DNB,-,-,0,0,-,-,-,-,2,v West Indies,Canberra,2024/02/06,Australia,0,0,-,,,,,,,,,,
LR Morris,DNB,-,-,0,0,-,-,-,-,2,v West Indies,Canberra,2024/02/06,Australia,0,0,-,,,,,,,,,,
W Sutherland,DNB,-,-,0,0,-,-,-,-,2,v West Indies,Canberra,2024/02/06,Australia,0,0,-,,,,,,,,,,
XC Bartlett,DNB,-,-,0,0,-,-,-,-,2,v West Indies,Canberra,2024/02/06,Australia,0,0,-,,,,,,,,,,
KU Carty,88,88,162,1,0,108,6,2,81.48,1,v Australia,Melbourne,2024/02/02,West Indies,1,0,50-99,,,,,,,,,,
RL Chase,59,59,80,1,0,67,7,0,88.05,1,v Australia,Melbourne,2024/02/02,West Indies,1,0,50-99,,,,,,,,,,
KU Carty,40,40,75,1,0,51,2,1,78.43,2,v Australia,Sydney,2024/02/04,West Indies,0,0,0-49,,,,,,,,,,
A Athanaze,32,32,92,1,0,60,2,0,53.33,1,v Australia,Canberra,2024/02/06,West Indies,0,0,0-49,,,,,,,,,,
SD Hope,29,29,69,1,0,65,0,1,44.61,2,v Australia,Sydney,2024/02/04,West Indies,0,0,0-49,,,,,,,,,,
RL Chase,25,25,80,1,0,41,2,0,60.97,2,v Australia,Sydney,2024/02/04,West Indies,0,0,0-49,,,,,,,,,,
HR Walsh,20,20,59,1,0,35,0,0,57.14,1,v Australia,Melbourne,2024/02/02,West Indies,0,0,0-49,,,,,,,,,,
MW Forde,19,19,21,1,0,21,1,1,90.47,1,v Australia,Melbourne,2024/02/02,West Indies,0,0,0-49,,,,,,,,,,
AS Joseph,19,19,16,1,0,15,2,1,126.66,2,v Australia,Sydney,2024/02/04,West Indies,0,0,0-49,,,,,,,,,,
SD Hope,12,12,23,1,0,17,1,0,70.58,1,v Australia,Melbourne,2024/02/02,West Indies,0,0,0-49,,,,,,,,,,
RL Chase,12,12,47,1,0,26,0,0,46.15,1,v Australia,Canberra,2024/02/06,West Indies,0,0,0-49,,,,,,,,,,
KAR Hodge,11,11,23,1,0,18,1,0,61.11,1,v Australia,Melbourne,2024/02/02,West Indies,0,0,0-49,,,,,,,,,,
A Athanaze,11,11,15,1,0,14,2,0,78.57,2,v Australia,Sydney,2024/02/04,West Indies,0,0,0-49,,,,,,,,,,
KU Carty,10,10,33,1,0,22,0,0,45.45,1,v Australia,Canberra,2024/02/06,West Indies,0,0,0-49,,,,,,,,,,
JP Greaves,8,8,20,1,0,10,1,0,80.00,2,v Australia,Sydney,2024/02/04,West Indies,0,0,0-49,,,,,,,,,,
KY Ottley,8,8,23,1,0,14,1,0,57.14,2,v Australia,Sydney,2024/02/04,West Indies,0,0,0-49,,,,,,,,,,
KY Ottley,8,8,12,1,0,7,2,0,114.28,1,v Australia,Canberra,2024/02/06,West Indies,0,0,0-49,,,,,,,,,,
G Motie,7*,7,25,1,1,21,1,0,33.33,2,v Australia,Sydney,2024/02/04,West Indies,0,0,0-49,,,,,,,,,,
MW Forde,7,7,7,1,0,9,1,0,77.77,2,v Australia,Sydney,2024/02/04,West Indies,0,0,0-49,,,,,,,,,,
O Thomas,7,7,10,1,0,9,1,0,77.77,2,v Australia,Sydney,2024/02/04,West Indies,0,0,0-49,,,,,,,,,,
R Shepherd,6,6,15,1,0,13,0,0,46.15,2,v Australia,Sydney,2024/02/04,West Indies,0,0,0-49,,,,,,,,,,
AS Joseph,6,6,18,1,0,9,0,0,66.66,1,v Australia,Canberra,2024/02/06,West Indies,0,0,0-49,,,,,,,,,,
A Athanaze,5,5,18,1,0,11,1,0,45.45,1,v Australia,Melbourne,2024/02/02,West Indies,0,0,0-49,,,,,,,,,,
SD Hope,4,4,5,1,0,5,1,0,80.00,1,v Australia,Canberra,2024/02/06,West Indies,0,0,0-49,,,,,,,,,,
G Motie,3,3,4,1,0,5,0,0,60.00,1,v Australia,Melbourne,2024/02/02,West Indies,0,0,0-49,,,,,,,,,,
O Thomas,2*,2,6,1,1,5,0,0,40.00,1,v Australia,Melbourne,2024/02/02,West Indies,0,0,0-49,,,,,,,,,,
JP Greaves,1,1,6,1,0,5,0,0,20.00,1,v Australia,Melbourne,2024/02/02,West Indies,0,0,0-49,,,,,,,,,,
R Shepherd,1,1,2,1,0,2,0,0,50.00,1,v Australia,Canberra,2024/02/06,West Indies,0,0,0-49,,,,,,,,,,
O Thomas,0*,0,2,1,1,2,0,0,0.00,1,v Australia,Canberra,2024/02/06,West Indies,0,0,0-49,,,,,,,,,,
R Shepherd,0,0,2,1,0,1,0,0,0.00,1,v Australia,Melbourne,2024/02/02,West Indies,0,0,0-49,,,,,,,,,,
TJ Bishop,0,0,5,1,0,6,0,0,0.00,1,v Australia,Canberra,2024/02/06,West Indies,0,0,0-49,,,,,,,,,,
MW Forde,0,0,2,1,0,2,0,0,0.00,1,v Australia,Canberra,2024/02/06,West Indies,0,0,0-49,,,,,,,,,,
G Motie,0,0,5,1,0,4,0,0,0.00,1,v Australia,Canberra,2024/02/06,West Indies,0,0,0-49,,,,,,,,,,
P Nissanka,210*,210,221,1,1,139,20,8,151.07,1,v Afghanistan,Pallekele,2024/02/09,Sri Lanka,0,1,200+,,,,,,,,,,
P Nissanka,118,118,136,1,0,101,16,2,116.83,2,v Afghanistan,Pallekele,2024/02/14,Sri Lanka,0,1,100-149,,,,,,,,,,
KIC Asalanka,101,101,132,1,0,95,5,4,106.31,1,v Zimbabwe,Colombo (RPS),2024/01/06,Sri Lanka,0,1,100-149,,,,,,,,,,
KIC Asalanka,97*,97,95,1,1,74,9,2,131.08,1,v Afghanistan,Pallekele,2024/02/11,Sri Lanka,1,0,50-99,,,,,,,,,,
J Liyanage,95,95,162,1,0,127,6,2,74.80,2,v Zimbabwe,Colombo (RPS),2024/01/08,Sri Lanka,1,0,50-99,,,,,,,,,,
WIA Fernando,91,91,96,1,0,66,10,5,137.87,2,v Afghanistan,Pallekele,2024/02/14,Sri Lanka,1,0,50-99,,,,,,,,,,
WIA Fernando,88,88,111,1,0,88,8,3,100.00,1,v Afghanistan,Pallekele,2024/02/09,Sri Lanka,1,0,50-99,,,,,,,,,,
BKG Mendis,66*,66,66,1,1,51,9,1,129.41,2,v Zimbabwe,Colombo (RPS),2024/01/11,Sri Lanka,1,0,50-99,,,,,,,,,,
BKG Mendis,61,61,99,1,0,65,6,1,93.84,1,v Afghanistan,Pallekele,2024/02/11,Sri Lanka,1,0,50-99,,,,,,,,,,
S Samarawickrama,52,52,70,1,0,61,3,0,85.24,1,v Afghanistan,Pallekele,2024/02/11,Sri Lanka,1,0,50-99,,,,,,,,,,
J Liyanage,50,50,65,1,0,48,2,2,104.16,1,v Afghanistan,Pallekele,2024/02/11,Sri Lanka,1,0,50-99,,,,,,,,,,
BKG Mendis,46,46,92,1,0,48,6,0,95.83,1,v Zimbabwe,Colombo (RPS),2024/01/06,Sri Lanka,0,0,0-49,,,,,,,,,,
S Samarawickrama,45,45,58,1,0,36,4,1,125.00,1,v Afghanistan,Pallekele,2024/02/09,Sri Lanka,0,0,0-49,,,,,,,,,,
S Samarawickrama,41,41,38,1,0,31,8,0,132.25,1,v Zimbabwe,Colombo (RPS),2024/01/06,Sri Lanka,0,0,0-49,,,,,,,,,,
BKG Mendis,40,40,36,1,0,29,0,4,137.93,2,v Afghanistan,Pallekele,2024/02/14,Sri Lanka,0,0,0-49,,,,,,,,,,
J Liyanage,24,24,36,1,0,34,1,0,70.58,1,v Zimbabwe,Colombo (RPS),2024/01/06,Sri Lanka,0,0,0-49,,,,,,,,,,
SSD Arachchige,21,21,40,1,0,39,2,0,53.84,2,v Zimbabwe,Colombo (RPS),2024/01/08,Sri Lanka,0,0,0-49,,,,,,,,,,
JDF Vandersay,19*,19,30,1,1,18,2,0,105.55,2,v Zimbabwe,Colombo (RPS),2024/01/08,Sri Lanka,0,0,0-49,,,,,,,,,,
PVD Chameera,18*,18,36,1,1,25,2,0,72.00,2,v Zimbabwe,Colombo (RPS),2024/01/08,Sri Lanka,0,0,0-49,,,,,,,,,,
PVD Chameera,18,18,36,1,0,23,1,0,78.26,1,v Zimbabwe,Colombo (RPS),2024/01/06,Sri Lanka,0,0,0-49,,,,,,,,,,
M Theekshana,18,18,38,1,0,31,1,0,58.06,2,v Zimbabwe,Colombo (RPS),2024/01/08,Sri Lanka,0,0,0-49,,,,,,,,,,
P Nissanka,18,18,21,1,0,17,3,0,105.88,1,v Afghanistan,Pallekele,2024/02/11,Sri Lanka,0,0,0-49,,,,,,,,,,
BKG Mendis,17,17,62,1,0,28,2,0,60.71,2,v Zimbabwe,Colombo (RPS),2024/01/08,Sri Lanka,0,0,0-49,,,,,,,,,,
BKG Mendis,16,16,34,1,0,31,1,0,51.61,1,v Afghanistan,Pallekele,2024/02/09,Sri Lanka,0,0,0-49,,,,,,,,,,
S Samarawickrama,14*,14,14,1,1,17,1,0,82.35,2,v Zimbabwe,Colombo (RPS),2024/01/11,Sri Lanka,0,0,0-49,,,,,,,,,,
PW Hasaranga,14,14,24,1,0,13,2,0,107.69,1,v Afghanistan,Pallekele,2024/02/11,Sri Lanka,0,0,0-49,,,,,,,,,,
S Daniel,12,12,58,1,0,28,1,0,42.85,2,v Zimbabwe,Colombo (RPS),2024/01/11,Sri Lanka,0,0,0-49,,,,,,,,,,
SSD Arachchige,11,11,29,1,0,24,0,0,45.83,1,v Zimbabwe,Colombo (RPS),2024/01/06,Sri Lanka,0,0,0-49,,,,,,,,,,
M Theekshana,10,10,17,1,0,16,0,0,62.50,1,v Zimbabwe,Colombo (RPS),2024/01/06,Sri Lanka,0,0,0-49,,,,,,,,,,
S Samarawickrama,8*,8,11,1,1,5,1,0,160.00,2,v Afghanistan,Pallekele,2024/02/14,Sri Lanka,0,0,0-49,,,,,,,,,,
MD Shanaka,8,8,27,1,0,19,0,0,42.10,1,v Zimbabwe,Colombo (RPS),2024/01/06,Sri Lanka,0,0,0-49,,,,,,,,,,
KIC Asalanka,7*,7,13,1,1,8,0,0,87.50,1,v Afghanistan,Pallekele,2024/02/09,Sri Lanka,0,0,0-49,,,,,,,,,,
KIC Asalanka,7*,7,8,1,1,13,0,0,53.84,2,v Afghanistan,Pallekele,2024/02/14,Sri Lanka,0,0,0-49,,,,,,,,,,
MD Shanaka,7,7,16,1,0,13,0,0,53.84,2,v Zimbabwe,Colombo (RPS),2024/01/08,Sri Lanka,0,0,0-49,,,,,,,,,,
WIA Fernando,5,5,43,1,0,23,0,0,21.73,1,v Afghanistan,Pallekele,2024/02/11,Sri Lanka,0,0,0-49,,,,,,,,,,
WIA Fernando,4,4,3,1,0,5,1,0,80.00,2,v Zimbabwe,Colombo (RPS),2024/01/08,Sri Lanka,0,0,0-49,,,,,,,,,,
S Samarawickrama,4,4,9,1,0,3,1,0,133.33,2,v Zimbabwe,Colombo (RPS),2024/01/08,Sri Lanka,0,0,0-49,,,,,,,,,,
JDF Vandersay,3*,3,8,1,1,3,0,0,100.00,1,v Zimbabwe,Colombo (RPS),2024/01/06,Sri Lanka,0,0,0-49,,,,,,,,,,
D Madushanka,3*,3,1,1,1,2,0,0,150.00,1,v Zimbabwe,Colombo (RPS),2024/01/06,Sri Lanka,0,0,0-49,,,,,,,,,,
WIA Fernando,0,0,3,1,0,5,0,0,0.00,1,v Zimbabwe,Colombo (RPS),2024/01/06,Sri Lanka,0,0,0-49,,,,,,,,,,
KIC Asalanka,0,0,9,1,0,7,0,0,0.00,2,v Zimbabwe,Colombo (RPS),2024/01/08,Sri Lanka,0,0,0-49,,,,,,,,,,
WIA Fernando,0,0,6,1,0,4,0,0,0.00,2,v Zimbabwe,Colombo (RPS),2024/01/11,Sri Lanka,0,0,0-49,,,,,,,,,,
D Madushanka,DNB,-,-,0,0,-,-,-,-,2,v Zimbabwe,Colombo (RPS),2024/01/08,Sri Lanka,0,0,-,,,,,,,,,,
J Liyanage,DNB,-,-,0,0,-,-,-,-,2,v Zimbabwe,Colombo (RPS),2024/01/11,Sri Lanka,0,0,-,,,,,,,,,,
D Madushanka,DNB,-,-,0,0,-,-,-,-,2,v Zimbabwe,Colombo (RPS),2024/01/11,Sri Lanka,0,0,-,,,,,,,,,,
SSD Arachchige,DNB,-,-,0,0,-,-,-,-,2,v Zimbabwe,Colombo (RPS),2024/01/11,Sri Lanka,0,0,-,,,,,,,,,,
M Theekshana,DNB,-,-,0,0,-,-,-,-,2,v Zimbabwe,Colombo (RPS),2024/01/11,Sri Lanka,0,0,-,,,,,,,,,,
PVD Chameera,DNB,-,-,0,0,-,-,-,-,2,v Zimbabwe,Colombo (RPS),2024/01/11,Sri Lanka,0,0,-,,,,,,,,,,
PW Hasaranga,DNB,-,-,0,0,-,-,-,-,2,v Zimbabwe,Colombo (RPS),2024/01/11,Sri Lanka,0,0,-,,,,,,,,,,
KIC Asalanka,DNB,-,-,0,0,-,-,-,-,2,v Zimbabwe,Colombo (RPS),2024/01/11,Sri Lanka,0,0,-,,,,,,,,,,
Pramod Madushan,DNB,-,-,0,0,-,-,-,-,1,v Afghanistan,Pallekele,2024/02/09,Sri Lanka,0,0,-,,,,,,,,,,
PW Hasaranga,DNB,-,-,0,0,-,-,-,-,1,v Afghanistan,Pallekele,2024/02/09,Sri Lanka,0,0,-,,,,,,,,,,
PVD Chameera,DNB,-,-,0,0,-,-,-,-,1,v Afghanistan,Pallekele,2024/02/09,Sri Lanka,0,0,-,,,,,,,,,,
D Madushanka,DNB,-,-,0,0,-,-,-,-,1,v Afghanistan,Pallekele,2024/02/09,Sri Lanka,0,0,-,,,,,,,,,,
J Liyanage,DNB,-,-,0,0,-,-,-,-,1,v Afghanistan,Pallekele,2024/02/09,Sri Lanka,0,0,-,,,,,,,,,,
M Theekshana,DNB,-,-,0,0,-,-,-,-,1,v Afghanistan,Pallekele,2024/02/09,Sri Lanka,0,0,-,,,,,,,,,,
AM Fernando,DNB,-,-,0,0,-,-,-,-,1,v Afghanistan,Pallekele,2024/02/11,Sri Lanka,0,0,-,,,,,,,,,,
D Madushanka,DNB,-,-,0,0,-,-,-,-,1,v Afghanistan,Pallekele,2024/02/11,Sri Lanka,0,0,-,,,,,,,,,,
M Theekshana,DNB,-,-,0,0,-,-,-,-,1,v Afghanistan,Pallekele,2024/02/11,Sri Lanka,0,0,-,,,,,,,,,,
Pramod Madushan,DNB,-,-,0,0,-,-,-,-,1,v Afghanistan,Pallekele,2024/02/11,Sri Lanka,0,0,-,,,,,,,,,,
A Dananjaya,DNB,-,-,0,0,-,-,-,-,2,v Afghanistan,Pallekele,2024/02/14,Sri Lanka,0,0,-,,,,,,,,,,
D Madushanka,DNB,-,-,0,0,-,-,-,-,2,v Afghanistan,Pallekele,2024/02/14,Sri Lanka,0,0,-,,,,,,,,,,
J Liyanage,DNB,-,-,0,0,-,-,-,-,2,v Afghanistan,Pallekele,2024/02/14,Sri Lanka,0,0,-,,,,,,,,,,
DN Wellalage,DNB,-,-,0,0,-,-,-,-,2,v Afghanistan,Pallekele,2024/02/14,Sri Lanka,0,0,-,,,,,,,,,,
Pramod Madushan,DNB,-,-,0,0,-,-,-,-,2,v Afghanistan,Pallekele,2024/02/14,Sri Lanka,0,0,-,,,,,,,,,,
AM Fernando,DNB,-,-,0,0,-,-,-,-,2,v Afghanistan,Pallekele,2024/02/14,Sri Lanka,0,0,-,,,,,,,,,,
CR Ervine,82,82,151,1,0,102,9,1,80.39,1,v Sri Lanka,Colombo (RPS),2024/01/08,Zimbabwe,1,0,50-99,,,,,,,,,,
RP Burl,31,31,55,1,0,37,1,1,83.78,1,v Sri Lanka,Colombo (RPS),2024/01/08,Zimbabwe,0,0,0-49,,,,,,,,,,
J Gumbie,30,30,55,1,0,37,4,0,81.08,1,v Sri Lanka,Colombo (RPS),2024/01/08,Zimbabwe,0,0,0-49,,,,,,,,,,
J Gumbie,29,29,46,1,0,34,4,0,85.29,1,v Sri Lanka,Colombo (RPS),2024/01/11,Zimbabwe,0,0,0-49,,,,,,,,,,
M Shumba,26,26,47,1,0,45,2,0,57.77,1,v Sri Lanka,Colombo (RPS),2024/01/08,Zimbabwe,0,0,0-49,,,,,,,,,,
T Kaitano,17,17,38,1,0,24,1,0,70.83,1,v Sri Lanka,Colombo (RPS),2024/01/11,Zimbabwe,0,0,0-49,,,,,,,,,,
C Madande,14,14,24,1,0,21,1,0,66.66,1,v Sri Lanka,Colombo (RPS),2024/01/08,Zimbabwe,0,0,0-49,,,,,,,,,,
LM Jongwe,14,14,26,1,0,17,1,1,82.35,1,v Sri Lanka,Colombo (RPS),2024/01/11,Zimbabwe,0,0,0-49,,,,,,,,,,
WP Masakadza,11,11,28,1,0,20,0,0,55.00,1,v Sri Lanka,Colombo (RPS),2024/01/11,Zimbabwe,0,0,0-49,,,,,,,,,,
Sikandar Raza,10,10,22,1,0,11,1,0,90.90,1,v Sri Lanka,Colombo (RPS),2024/01/11,Zimbabwe,0,0,0-49,,,,,,,,,,
RP Burl,9,9,11,1,0,13,1,0,69.23,1,v Sri Lanka,Colombo (RPS),2024/01/11,Zimbabwe,0,0,0-49,,,,,,,,,,
R Ngarava,5*,5,12,1,1,4,1,0,125.00,1,v Sri Lanka,Colombo (RPS),2024/01/08,Zimbabwe,0,0,0-49,,,,,,,,,,
M Shumba,2*,2,5,1,1,3,0,0,66.66,2,v Sri Lanka,Colombo (RPS),2024/01/06,Zimbabwe,0,0,0-49,,,,,,,,,,
R Ngarava,2*,2,7,1,1,2,0,0,100.00,1,v Sri Lanka,Colombo (RPS),2024/01/11,Zimbabwe,0,0,0-49,,,,,,,,,,
M Shumba,2,2,8,1,0,9,0,0,22.22,1,v Sri Lanka,Colombo (RPS),2024/01/11,Zimbabwe,0,0,0-49,,,,,,,,,,
T Kaitano,1*,1,20,1,1,16,0,0,6.25,2,v Sri Lanka,Colombo (RPS),2024/01/06,Zimbabwe,0,0,0-49,,,,,,,,,,
Sikandar Raza,1,1,3,1,0,5,0,0,20.00,1,v Sri Lanka,Colombo (RPS),2024/01/08,Zimbabwe,0,0,0-49,,,,,,,,,,
M Faraz Akram,1,1,15,1,0,6,0,0,16.66,1,v Sri Lanka,Colombo (RPS),2024/01/08,Zimbabwe,0,0,0-49,,,,,,,,,,
T Mufudza,1,1,7,1,0,9,0,0,11.11,1,v Sri Lanka,Colombo (RPS),2024/01/08,Zimbabwe,0,0,0-49,,,,,,,,,,
TS Kamunhukamwe,0,0,10,1,0,1,0,0,0.00,2,v Sri Lanka,Colombo (RPS),2024/01/06,Zimbabwe,0,0,0-49,,,,,,,,,,
CR Ervine,0,0,3,1,0,4,0,0,0.00,2,v Sri Lanka,Colombo (RPS),2024/01/06,Zimbabwe,0,0,0-49,,,,,,,,,,
TS Kamunhukamwe,0,0,2,1,0,1,0,0,0.00,1,v Sri Lanka,Colombo (RPS),2024/01/08,Zimbabwe,0,0,0-49,,,,,,,,,,
B Muzarabani,0,0,4,1,0,2,0,0,0.00,1,v Sri Lanka,Colombo (RPS),2024/01/08,Zimbabwe,0,0,0-49,,,,,,,,,,
CR Ervine,0,0,9,1,0,6,0,0,0.00,1,v Sri Lanka,Colombo (RPS),2024/01/11,Zimbabwe,0,0,0-49,,,,,,,,,,
C Madande,0,0,6,1,0,1,0,0,0.00,1,v Sri Lanka,Colombo (RPS),2024/01/11,Zimbabwe,0,0,0-49,,,,,,,,,,
B Muzarabani,0,0,1,1,0,1,0,0,0.00,1,v Sri Lanka,Colombo (RPS),2024/01/11,Zimbabwe,0,0,0-49,,,,,,,,,,
T Mufudza,DNB,-,-,0,0,-,-,-,-,2,v Sri Lanka,Colombo (RPS),2024/01/06,Zimbabwe,0,0,-,,,,,,,,,,
C Madande,DNB,-,-,0,0,-,-,-,-,2,v Sri Lanka,Colombo (RPS),2024/01/06,Zimbabwe,0,0,-,,,,,,,,,,
B Muzarabani,DNB,-,-,0,0,-,-,-,-,2,v Sri Lanka,Colombo (RPS),2024/01/06,Zimbabwe,0,0,-,,,,,,,,,,
M Faraz Akram,DNB,-,-,0,0,-,-,-,-,2,v Sri Lanka,Colombo (RPS),2024/01/06,Zimbabwe,0,0,-,,,,,,,,,,
Sikandar Raza,DNB,-,-,0,0,-,-,-,-,2,v Sri Lanka,Colombo (RPS),2024/01/06,Zimbabwe,0,0,-,,,,,,,,,,
R Ngarava,DNB,-,-,0,0,-,-,-,-,2,v Sri Lanka,Colombo (RPS),2024/01/06,Zimbabwe,0,0,-,,,,,,,,,,
RP Burl,DNB,-,-,0,0,-,-,-,-,2,v Sri Lanka,Colombo (RPS),2024/01/06,Zimbabwe,0,0,-,,,,,,,,,,
M Levitt,57,57,-,1,0,81,8,2,70.37,2,v Namibia,Kirtipur,2024/02/19,Netherlands,1,0,50-99,,,,,,,,,,
SA Edwards,33,33,-,1,0,49,1,0,67.34,1,v Nepal,Kirtipur,2024/02/17,Netherlands,0,0,0-49,,,,,,,,,,
"MP O'Dowd",28,28,-,1,0,42,2,2,66.66,2,v Namibia,Kirtipur,2024/02/19,Netherlands,0,0,0-49,,,,,,,,,,
BFW de Leede,27,27,-,1,0,44,3,1,61.36,1,v Nepal,Kirtipur,2024/02/17,Netherlands,0,0,0-49,,,,,,,,,,
SA Engelbrecht,23,23,-,1,0,35,3,0,65.71,1,v Nepal,Kirtipur,2024/02/17,Netherlands,0,0,0-49,,,,,,,,,,
BFW de Leede,21*,21,-,1,1,20,1,2,105.00,2,v Namibia,Kirtipur,2024/02/19,Netherlands,0,0,0-49,,,,,,,,,,
NRJ Croes,12,12,-,1,0,24,1,0,50.00,1,v Nepal,Kirtipur,2024/02/17,Netherlands,0,0,0-49,,,,,,,,,,
K Klein,11*,11,-,1,1,16,1,0,68.75,1,v Nepal,Kirtipur,2024/02/17,Netherlands,0,0,0-49,,,,,,,,,,
"MP O'Dowd",10,10,-,1,0,21,0,1,47.61,1,v Nepal,Kirtipur,2024/02/17,Netherlands,0,0,0-49,,,,,,,,,,
A Dutt,10,10,-,1,0,20,1,0,50.00,1,v Nepal,Kirtipur,2024/02/17,Netherlands,0,0,0-49,,,,,,,,,,
SA Engelbrecht,6,6,-,1,0,14,1,0,42.85,2,v Namibia,Kirtipur,2024/02/19,Netherlands,0,0,0-49,,,,,,,,,,
SA Edwards,4*,4,-,1,1,7,0,0,57.14,2,v Namibia,Kirtipur,2024/02/19,Netherlands,0,0,0-49,,,,,,,,,,
VJ Kingma,2,2,-,1,0,17,0,0,11.76,1,v Nepal,Kirtipur,2024/02/17,Netherlands,0,0,0-49,,,,,,,,,,
Shariz Ahmad,1,1,-,1,0,3,0,0,33.33,1,v Nepal,Kirtipur,2024/02/17,Netherlands,0,0,0-49,,,,,,,,,,
M Levitt,0,0,-,1,0,3,0,0,0.00,1,v Nepal,Kirtipur,2024/02/17,Netherlands,0,0,0-49,,,,,,,,,,
W Barresi,0,0,-,1,0,2,0,0,0.00,1,v Nepal,Kirtipur,2024/02/17,Netherlands,0,0,0-49,,,,,,,,,,
AT Nidamanuru,DNB,-,-,0,0,-,-,-,-,2,v Namibia,Kirtipur,2024/02/19,Netherlands,0,0,-,,,,,,,,,,
A Dutt,DNB,-,-,0,0,-,-,-,-,2,v Namibia,Kirtipur,2024/02/19,Netherlands,0,0,-,,,,,,,,,,
NRJ Croes,DNB,-,-,0,0,-,-,-,-,2,v Namibia,Kirtipur,2024/02/19,Netherlands,0,0,-,,,,,,,,,,
VJ Kingma,DNB,-,-,0,0,-,-,-,-,2,v Namibia,Kirtipur,2024/02/19,Netherlands,0,0,-,,,,,,,,,,
K Klein,DNB,-,-,0,0,-,-,-,-,2,v Namibia,Kirtipur,2024/02/19,Netherlands,0,0,-,,,,,,,,,,
RE van der Merwe,DNB,-,-,0,0,-,-,-,-,2,v Namibia,Kirtipur,2024/02/19,Netherlands,0,0,-,,,,,,,,,,
MG Erasmus,52,52,-,1,0,56,8,2,92.85,2,v Nepal,Kirtipur,2024/02/21,Namibia,1,0,50-99,,,,,,,,,,
JJ Smit,34*,34,-,1,1,66,1,2,51.51,2,v Nepal,Kirtipur,2024/02/21,Namibia,0,0,0-49,,,,,,,,,,
JN Frylinck,34,34,-,1,0,53,4,0,64.15,2,v Nepal,Kirtipur,2024/02/15,Namibia,0,0,0-49,,,,,,,,,,
JN Loftie-Eaton,31,31,-,1,0,30,5,0,103.33,2,v Nepal,Kirtipur,2024/02/15,Namibia,0,0,0-49,,,,,,,,,,
M van Lingen,31,31,-,1,0,34,4,2,91.17,2,v Nepal,Kirtipur,2024/02/21,Namibia,0,0,0-49,,,,,,,,,,
JJ Smit,26,26,-,1,0,46,1,2,56.52,1,v Netherlands,Kirtipur,2024/02/19,Namibia,0,0,0-49,,,,,,,,,,
M van Lingen,23,23,-,1,0,33,3,0,69.69,2,v Nepal,Kirtipur,2024/02/15,Namibia,0,0,0-49,,,,,,,,,,
R Trumpelmann,20,20,-,1,0,39,0,1,51.28,1,v Netherlands,Kirtipur,2024/02/19,Namibia,0,0,0-49,,,,,,,,,,
ZE Green,19,19,-,1,0,29,3,0,65.51,1,v Netherlands,Kirtipur,2024/02/19,Namibia,0,0,0-49,,,,,,,,,,
JJ Smit,17*,17,-,1,1,35,1,1,48.57,2,v Nepal,Kirtipur,2024/02/15,Namibia,0,0,0-49,,,,,,,,,,
R Trumpelmann,16,16,-,1,0,12,2,1,133.33,2,v Nepal,Kirtipur,2024/02/21,Namibia,0,0,0-49,,,,,,,,,,
N Davin,15,15,-,1,0,16,2,0,93.75,2,v Nepal,Kirtipur,2024/02/15,Namibia,0,0,0-49,,,,,,,,,,
N Davin,13,13,-,1,0,18,2,0,72.22,1,v Netherlands,Kirtipur,2024/02/19,Namibia,0,0,0-49,,,,,,,,,,
MG Erasmus,13,13,-,1,0,11,3,0,118.18,1,v Netherlands,Kirtipur,2024/02/19,Namibia,0,0,0-49,,,,,,,,,,
BM Scholtz,12,12,-,1,0,22,2,0,54.54,1,v Netherlands,Kirtipur,2024/02/19,Namibia,0,0,0-49,,,,,,,,,,
BM Scholtz,8*,8,-,1,1,5,2,0,160.00,2,v Nepal,Kirtipur,2024/02/21,Namibia,0,0,0-49,,,,,,,,,,
MG Erasmus,8,8,-,1,0,22,0,0,36.36,2,v Nepal,Kirtipur,2024/02/15,Namibia,0,0,0-49,,,,,,,,,,
N Davin,8,8,-,1,0,5,2,0,160.00,2,v Nepal,Kirtipur,2024/02/21,Namibia,0,0,0-49,,,,,,,,,,
ZE Green,6,6,-,1,0,21,0,0,28.57,2,v Nepal,Kirtipur,2024/02/21,Namibia,0,0,0-49,,,,,,,,,,
JP Kotze,5,5,-,1,0,30,0,0,16.66,1,v Netherlands,Kirtipur,2024/02/19,Namibia,0,0,0-49,,,,,,,,,,
JN Loftie-Eaton,5,5,-,1,0,17,0,0,29.41,2,v Nepal,Kirtipur,2024/02/21,Namibia,0,0,0-49,,,,,,,,,,
M van Lingen,4,4,-,1,0,4,1,0,100.00,1,v Netherlands,Kirtipur,2024/02/19,Namibia,0,0,0-49,,,,,,,,,,
JN Frylinck,4,4,-,1,0,15,0,0,26.66,2,v Nepal,Kirtipur,2024/02/21,Namibia,0,0,0-49,,,,,,,,,,
JP Kotze,3,3,-,1,0,9,0,0,33.33,2,v Nepal,Kirtipur,2024/02/21,Namibia,0,0,0-49,,,,,,,,,,
ZE Green,2,2,-,1,0,9,0,0,22.22,2,v Nepal,Kirtipur,2024/02/15,Namibia,0,0,0-49,,,,,,,,,,
R Trumpelmann,1*,1,-,1,1,1,0,0,100.00,2,v Nepal,Kirtipur,2024/02/15,Namibia,0,0,0-49,,,,,,,,,,
T Lungameni,0*,0,-,1,1,5,0,0,0.00,1,v Netherlands,Kirtipur,2024/02/19,Namibia,0,0,0-49,,,,,,,,,,
JN Frylinck,0,0,-,1,0,3,0,0,0.00,1,v Netherlands,Kirtipur,2024/02/19,Namibia,0,0,0-49,,,,,,,,,,
JN Loftie-Eaton,0,0,-,1,0,4,0,0,0.00,1,v Netherlands,Kirtipur,2024/02/19,Namibia,0,0,0-49,,,,,,,,,,
BM Scholtz,DNB,-,-,0,0,-,-,-,-,2,v Nepal,Kirtipur,2024/02/15,Namibia,0,0,-,,,,,,,,,,
T Lungameni,DNB,-,-,0,0,-,-,-,-,2,v Nepal,Kirtipur,2024/02/15,Namibia,0,0,-,,,,,,,,,,
JT Brassell,DNB,-,-,0,0,-,-,-,-,2,v Nepal,Kirtipur,2024/02/15,Namibia,0,0,-,,,,,,,,,,
JT Brassell,DNB,-,-,0,0,-,-,-,-,2,v Nepal,Kirtipur,2024/02/21,Namibia,0,0,-,,,,,,,,,,
Azmatullah Omarzai,149*,149,197,1,1,115,13,6,129.56,2,v Sri Lanka,Pallekele,2024/02/09,Afghanistan,0,1,100-149,,,,,,,,,,
Mohammad Nabi,136,136,157,1,0,130,15,3,104.61,2,v Sri Lanka,Pallekele,2024/02/09,Afghanistan,0,1,100-149,,,,,,,,,,
Rahmat Shah,65,65,104,1,0,77,7,1,84.41,1,v Sri Lanka,Pallekele,2024/02/14,Afghanistan,1,0,50-99,,,,,,,,,,
Rahmat Shah,63,63,96,1,0,69,7,0,91.30,2,v Sri Lanka,Pallekele,2024/02/11,Afghanistan,1,0,50-99,,,,,,,,,,
Ibrahim Zadran,54,54,114,1,0,76,6,0,71.05,2,v Sri Lanka,Pallekele,2024/02/11,Afghanistan,1,0,50-99,,,,,,,,,,
Azmatullah Omarzai,54,54,97,1,0,59,4,0,91.52,1,v Sri Lanka,Pallekele,2024/02/14,Afghanistan,1,0,50-99,,,,,,,,,,
Rahmanullah Gurbaz,48,48,74,1,0,57,6,1,84.21,1,v Sri Lanka,Pallekele,2024/02/14,Afghanistan,0,0,0-49,,,,,,,,,,
Ikram Alikhil,32,32,36,1,0,38,2,1,84.21,1,v Sri Lanka,Pallekele,2024/02/14,Afghanistan,0,0,0-49,,,,,,,,,,
Gulbadin Naib,16,16,11,1,0,7,4,0,228.57,2,v Sri Lanka,Pallekele,2024/02/09,Afghanistan,0,0,0-49,,,,,,,,,,
Mohammad Nabi,14,14,30,1,0,21,0,1,66.66,1,v Sri Lanka,Pallekele,2024/02/14,Afghanistan,0,0,0-49,,,,,,,,,,
Ibrahim Zadran,13,13,21,1,0,10,3,0,130.00,1,v Sri Lanka,Pallekele,2024/02/14,Afghanistan,0,0,0-49,,,,,,,,,,
Qais Ahmad,11,11,12,1,0,4,1,1,275.00,1,v Sri Lanka,Pallekele,2024/02/14,Afghanistan,0,0,0-49,,,,,,,,,,
Ikram Alikhil,10*,10,20,1,1,14,1,0,71.42,2,v Sri Lanka,Pallekele,2024/02/09,Afghanistan,0,0,0-49,,,,,,,,,,
Hashmatullah Shahidi,9,9,18,1,0,12,1,0,75.00,2,v Sri Lanka,Pallekele,2024/02/11,Afghanistan,0,0,0-49,,,,,,,,,,
Rahmanullah Gurbaz,8,8,33,1,0,20,1,0,40.00,2,v Sri Lanka,Pallekele,2024/02/11,Afghanistan,0,0,0-49,,,,,,,,,,
Rahmat Shah,7,7,26,1,0,14,0,0,50.00,2,v Sri Lanka,Pallekele,2024/02/09,Afghanistan,0,0,0-49,,,,,,,,,,
Hashmatullah Shahidi,7,7,10,1,0,11,1,0,63.63,2,v Sri Lanka,Pallekele,2024/02/09,Afghanistan,0,0,0-49,,,,,,,,,,
Hashmatullah Shahidi,5,5,9,1,0,8,0,0,62.50,1,v Sri Lanka,Pallekele,2024/02/14,Afghanistan,0,0,0-49,,,,,,,,,,
Fareed Ahmad,5,5,4,1,0,5,1,0,100.00,1,v Sri Lanka,Pallekele,2024/02/14,Afghanistan,0,0,0-49,,,,,,,,,,
Ibrahim Zadran,4,4,15,1,0,7,1,0,57.14,2,v Sri Lanka,Pallekele,2024/02/09,Afghanistan,0,0,0-49,,,,,,,,,,
Ikram Alikhil,4,4,7,1,0,1,1,0,400.00,2,v Sri Lanka,Pallekele,2024/02/11,Afghanistan,0,0,0-49,,,,,,,,,,
Sharafuddin Ashraf,4,4,8,1,0,9,0,0,44.44,1,v Sri Lanka,Pallekele,2024/02/14,Afghanistan,0,0,0-49,,,,,,,,,,
Azmatullah Omarzai,3,3,7,1,0,6,0,0,50.00,2,v Sri Lanka,Pallekele,2024/02/11,Afghanistan,0,0,0-49,,,,,,,,,,
Rahmanullah Gurbaz,1,1,5,1,0,3,0,0,33.33,2,v Sri Lanka,Pallekele,2024/02/09,Afghanistan,0,0,0-49,,,,,,,,,,
Mohammad Nabi,1,1,7,1,0,4,0,0,25.00,2,v Sri Lanka,Pallekele,2024/02/11,Afghanistan,0,0,0-49,,,,,,,,,,
Qais Ahmad,1,1,3,1,0,4,0,0,25.00,2,v Sri Lanka,Pallekele,2024/02/11,Afghanistan,0,0,0-49,,,,,,,,,,
Fazalhaq Farooqi,0*,0,4,1,1,3,0,0,0.00,2,v Sri Lanka,Pallekele,2024/02/11,Afghanistan,0,0,0-49,,,,,,,,,,
Fazalhaq Farooqi,0*,0,4,1,1,3,0,0,0.00,1,v Sri Lanka,Pallekele,2024/02/14,Afghanistan,0,0,0-49,,,,,,,,,,
Gulbadin Naib,0,0,12,1,0,7,0,0,0.00,2,v Sri Lanka,Pallekele,2024/02/11,Afghanistan,0,0,0-49,,,,,,,,,,
Noor Ahmad,0,0,1,1,0,1,0,0,0.00,2,v Sri Lanka,Pallekele,2024/02/11,Afghanistan,0,0,0-49,,,,,,,,,,
Fazalhaq Farooqi,DNB,-,-,0,0,-,-,-,-,2,v Sri Lanka,Pallekele,2024/02/09,Afghanistan,0,0,-,,,,,,,,,,
Noor Ahmad,DNB,-,-,0,0,-,-,-,-,2,v Sri Lanka,Pallekele,2024/02/09,Afghanistan,0,0,-,,,,,,,,,,
Fareed Ahmad,DNB,-,-,0,0,-,-,-,-,2,v Sri Lanka,Pallekele,2024/02/09,Afghanistan,0,0,-,,,,,,,,,,
XC Bartlett,,,,,,,,,,1,v West Indies,Melbourne,2024/02/02,Australia,,,,9.0,1,1,17,4,1,0,0,0-4,1.88
XC Bartlett,,,,,,,,,,1,v West Indies,Canberra,2024/02/06,Australia,,,,7.1,1,0,21,4,1,0,0,0-4,2.93
SA Abbott,,,,,,,,,,2,v West Indies,Sydney,2024/02/04,Australia,,,,10.0,1,0,40,3,1,0,0,0-4,4.00
JR Hazlewood,,,,,,,,,,2,v West Indies,Sydney,2024/02/04,Australia,,,,8.0,1,0,43,3,1,0,0,0-4,5.37
LR Morris,,,,,,,,,,1,v West Indies,Canberra,2024/02/06,Australia,,,,4.3,1,1,13,2,1,0,0,0-4,2.88
A Zampa,,,,,,,,,,1,v West Indies,Canberra,2024/02/06,Australia,,,,5.0,1,0,14,2,1,0,0,0-4,2.80
W Sutherland,,,,,,,,,,2,v West Indies,Sydney,2024/02/04,Australia,,,,8.0,1,0,28,2,1,0,0,0-4,3.50
C Green,,,,,,,,,,1,v West Indies,Melbourne,2024/02/02,Australia,,,,8.0,1,0,40,2,1,0,0,0-4,5.00
SA Abbott,,,,,,,,,,1,v West Indies,Melbourne,2024/02/02,Australia,,,,9.4,1,0,42,2,1,0,0,0-4,4.34
SA Abbott,,,,,,,,,,1,v West Indies,Canberra,2024/02/06,Australia,,,,4.0,1,0,14,1,1,0,0,0-4,3.50
AM Hardie,,,,,,,,,,2,v West Indies,Sydney,2024/02/04,Australia,,,,8.0,1,2,27,1,1,0,0,0-4,3.37
A Zampa,,,,,,,,,,2,v West Indies,Sydney,2024/02/04,Australia,,,,9.3,1,0,31,1,1,0,0,0-4,3.26
A Zampa,,,,,,,,,,1,v West Indies,Melbourne,2024/02/02,Australia,,,,10.0,1,0,56,1,1,0,0,0-4,5.60
W Sutherland,,,,,,,,,,1,v West Indies,Canberra,2024/02/06,Australia,,,,0.3,1,0,5,0,1,0,0,0-4,10.00
MW Short,,,,,,,,,,1,v West Indies,Melbourne,2024/02/02,Australia,,,,2.0,1,0,12,0,1,0,0,0-4,6.00
C Green,,,,,,,,,,1,v West Indies,Canberra,2024/02/06,Australia,,,,3.0,1,0,18,0,1,0,0,0-4,6.00
LR Morris,,,,,,,,,,1,v West Indies,Melbourne,2024/02/02,Australia,,,,10.0,1,2,59,0,1,0,0,0-4,5.90
JP Inglis,,,,,,,,,,1,v West Indies,Melbourne,2024/02/02,Australia,,,,DNB,0,-,-,-,1,0,0,-,-
SPD Smith,,,,,,,,,,1,v West Indies,Melbourne,2024/02/02,Australia,,,,DNB,0,-,-,-,1,0,0,-,-
M Labuschagne,,,,,,,,,,1,v West Indies,Melbourne,2024/02/02,Australia,,,,DNB,0,-,-,-,1,0,0,-,-
TM Head,,,,,,,,,,1,v West Indies,Melbourne,2024/02/02,Australia,,,,DNB,0,-,-,-,1,0,0,-,-
AM Hardie,,,,,,,,,,1,v West Indies,Melbourne,2024/02/02,Australia,,,,DNB,0,-,-,-,1,0,0,-,-
J Fraser-McGurk,,,,,,,,,,2,v West Indies,Sydney,2024/02/04,Australia,,,,DNB,0,-,-,-,1,0,0,-,-
JP Inglis,,,,,,,,,,2,v West Indies,Sydney,2024/02/04,Australia,,,,DNB,0,-,-,-,1,0,0,-,-
SPD Smith,,,,,,,,,,2,v West Indies,Sydney,2024/02/04,Australia,,,,DNB,0,-,-,-,1,0,0,-,-
M Labuschagne,,,,,,,,,,2,v West Indies,Sydney,2024/02/04,Australia,,,,DNB,0,-,-,-,1,0,0,-,-
C Green,,,,,,,,,,2,v West Indies,Sydney,2024/02/04,Australia,,,,DNB,0,-,-,-,1,0,0,-,-
MW Short,,,,,,,,,,2,v West Indies,Sydney,2024/02/04,Australia,,,,DNB,0,-,-,-,1,0,0,-,-
M Labuschagne,,,,,,,,,,1,v West Indies,Canberra,2024/02/06,Australia,,,,DNB,0,-,-,-,1,0,0,-,-
J Fraser-McGurk,,,,,,,,,,1,v West Indies,Canberra,2024/02/06,Australia,,,,DNB,0,-,-,-,1,0,0,-,-
SPD Smith,,,,,,,,,,1,v West Indies,Canberra,2024/02/06,Australia,,,,DNB,0,-,-,-,1,0,0,-,-
AM Hardie,,,,,,,,,,1,v West Indies,Canberra,2024/02/06,Australia,,,,DNB,0,-,-,-,1,0,0,-,-
JP Inglis,,,,,,,,,,1,v West Indies,Canberra,2024/02/06,Australia,,,,DNB,0,-,-,-,1,0,0,-,-
G Motie,,,,,,,,,,1,v Australia,Sydney,2024/02/04,West Indies,,,,10.0,1,0,28,3,1,0,0,0-4,2.80
R Shepherd,,,,,,,,,,1,v Australia,Sydney,2024/02/04,West Indies,,,,8.0,1,0,50,2,1,0,0,0-4,6.25
AS Joseph,,,,,,,,,,1,v Australia,Sydney,2024/02/04,West Indies,,,,9.0,1,0,74,2,1,0,0,0-4,8.22
O Thomas,,,,,,,,,,2,v Australia,Canberra,2024/02/06,West Indies,,,,0.5,1,0,7,1,1,0,0,0-4,8.40
AS Joseph,,,,,,,,,,2,v Australia,Canberra,2024/02/06,West Indies,,,,3.0,1,0,30,1,1,0,0,0-4,10.00
MW Forde,,,,,,,,,,1,v Australia,Sydney,2024/02/04,West Indies,,,,9.0,1,1,32,1,1,0,0,0-4,3.55
O Thomas,,,,,,,,,,1,v Australia,Sydney,2024/02/04,West Indies,,,,4.0,1,0,33,1,1,0,0,0-4,8.25
MW Forde,,,,,,,,,,2,v Australia,Melbourne,2024/02/02,West Indies,,,,4.0,1,0,37,1,1,0,0,0-4,9.25
G Motie,,,,,,,,,,2,v Australia,Melbourne,2024/02/02,West Indies,,,,10.0,1,0,58,1,1,0,0,0-4,5.80
KAR Hodge,,,,,,,,,,2,v Australia,Melbourne,2024/02/02,West Indies,,,,2.0,1,0,10,0,1,0,0,0-4,5.00
G Motie,,,,,,,,,,2,v Australia,Canberra,2024/02/06,West Indies,,,,1.0,1,0,10,0,1,0,0,0-4,10.00
R Shepherd,,,,,,,,,,2,v Australia,Melbourne,2024/02/02,West Indies,,,,4.0,1,0,14,0,1,0,0,0-4,3.50
RL Chase,,,,,,,,,,2,v Australia,Melbourne,2024/02/02,West Indies,,,,6.0,1,0,31,0,1,0,0,0-4,5.16
O Thomas,,,,,,,,,,2,v Australia,Melbourne,2024/02/02,West Indies,,,,5.0,1,0,40,0,1,0,0,0-4,8.00
RL Chase,,,,,,,,,,1,v Australia,Sydney,2024/02/04,West Indies,,,,10.0,1,0,40,0,1,0,0,0-4,4.00
MW Forde,,,,,,,,,,2,v Australia,Canberra,2024/02/06,West Indies,,,,2.0,1,0,40,0,1,0,0,0-4,20.00
HR Walsh,,,,,,,,,,2,v Australia,Melbourne,2024/02/02,West Indies,,,,7.3,1,0,41,0,1,0,0,0-4,5.46
KU Carty,,,,,,,,,,2,v Australia,Melbourne,2024/02/02,West Indies,,,,DNB,0,-,-,-,1,0,0,-,-
JP Greaves,,,,,,,,,,2,v Australia,Melbourne,2024/02/02,West Indies,,,,DNB,0,-,-,-,1,0,0,-,-
A Athanaze,,,,,,,,,,2,v Australia,Melbourne,2024/02/02,West Indies,,,,DNB,0,-,-,-,1,0,0,-,-
SD Hope,,,,,,,,,,2,v Australia,Melbourne,2024/02/02,West Indies,,,,DNB,0,-,-,-,1,0,0,-,-
KY Ottley,,,,,,,,,,1,v Australia,Sydney,2024/02/04,West Indies,,,,DNB,0,-,-,-,1,0,0,-,-
KU Carty,,,,,,,,,,1,v Australia,Sydney,2024/02/04,West Indies,,,,DNB,0,-,-,-,1,0,0,-,-
JP Greaves,,,,,,,,,,1,v Australia,Sydney,2024/02/04,West Indies,,,,DNB,0,-,-,-,1,0,0,-,-
SD Hope,,,,,,,,,,1,v Australia,Sydney,2024/02/04,West Indies,,,,DNB,0,-,-,-,1,0,0,-,-
A Athanaze,,,,,,,,,,1,v Australia,Sydney,2024/02/04,West Indies,,,,DNB,0,-,-,-,1,0,0,-,-
TJ Bishop,,,,,,,,,,2,v Australia,Canberra,2024/02/06,West Indies,,,,DNB,0,-,-,-,1,0,0,-,-
R Shepherd,,,,,,,,,,2,v Australia,Canberra,2024/02/06,West Indies,,,,DNB,0,-,-,-,1,0,0,-,-
RL Chase,,,,,,,,,,2,v Australia,Canberra,2024/02/06,West Indies,,,,DNB,0,-,-,-,1,0,0,-,-
KU Carty,,,,,,,,,,2,v Australia,Canberra,2024/02/06,West Indies,,,,DNB,0,-,-,-,1,0,0,-,-
KY Ottley,,,,,,,,,,2,v Australia,Canberra,2024/02/06,West Indies,,,,DNB,0,-,-,-,1,0,0,-,-
SD Hope,,,,,,,,,,2,v Australia,Canberra,2024/02/06,West Indies,,,,DNB,0,-,-,-,1,0,0,-,-
A Athanaze,,,,,,,,,,2,v Australia,Canberra,2024/02/06,West Indies,,,,DNB,0,-,-,-,1,0,0,-,-
PW Hasaranga,,,,,,,,,,1,v Zimbabwe,Colombo (RPS),2024/01/11,Sri Lanka,,,,5.5,1,1,19,7,0,1,0,5+,3.25
PW Hasaranga,,,,,,,,,,2,v Afghanistan,Pallekele,2024/02/11,Sri Lanka,,,,6.5,1,0,27,4,1,0,0,0-4,3.95
M Theekshana,,,,,,,,,,1,v Zimbabwe,Colombo (RPS),2024/01/08,Sri Lanka,,,,9.4,1,1,31,4,1,0,0,0-4,3.20
Pramod Madushan,,,,,,,,,,2,v Afghanistan,Pallekele,2024/02/09,Sri Lanka,,,,10.0,1,0,75,4,1,0,0,0-4,7.50
Pramod Madushan,,,,,,,,,,1,v Afghanistan,Pallekele,2024/02/14,Sri Lanka,,,,8.2,1,0,45,3,1,0,0,0-4,5.40
D Madushanka,,,,,,,,,,2,v Zimbabwe,Colombo (RPS),2024/01/06,Sri Lanka,,,,2.0,1,2,0,2,1,0,0,0-4,0.00
AM Fernando,,,,,,,,,,2,v Afghanistan,Pallekele,2024/02/11,Sri Lanka,,,,6.0,1,0,23,2,1,0,0,0-4,3.83
D Madushanka,,,,,,,,,,2,v Afghanistan,Pallekele,2024/02/11,Sri Lanka,,,,7.0,1,1,28,2,1,0,0,0-4,4.00
DN Wellalage,,,,,,,,,,1,v Afghanistan,Pallekele,2024/02/14,Sri Lanka,,,,10.0,1,0,38,2,1,0,0,0-4,3.80
PVD Chameera,,,,,,,,,,1,v Zimbabwe,Colombo (RPS),2024/01/08,Sri Lanka,,,,8.0,1,0,44,2,1,0,0,0-4,5.50
AM Fernando,,,,,,,,,,1,v Afghanistan,Pallekele,2024/02/14,Sri Lanka,,,,9.0,1,0,44,2,1,0,0,0-4,4.88
JDF Vandersay,,,,,,,,,,1,v Zimbabwe,Colombo (RPS),2024/01/08,Sri Lanka,,,,10.0,1,1,47,2,1,0,0,0-4,4.70
A Dananjaya,,,,,,,,,,1,v Afghanistan,Pallekele,2024/02/14,Sri Lanka,,,,10.0,1,0,54,2,1,0,0,0-4,5.40
PVD Chameera,,,,,,,,,,2,v Afghanistan,Pallekele,2024/02/09,Sri Lanka,,,,7.3,1,0,55,2,1,0,0,0-4,7.33
M Theekshana,,,,,,,,,,1,v Zimbabwe,Colombo (RPS),2024/01/11,Sri Lanka,,,,5.0,1,1,15,1,1,0,0,0-4,3.00
J Liyanage,,,,,,,,,,1,v Zimbabwe,Colombo (RPS),2024/01/11,Sri Lanka,,,,3.0,1,1,17,1,1,0,0,0-4,5.66
D Madushanka,,,,,,,,,,1,v Zimbabwe,Colombo (RPS),2024/01/08,Sri Lanka,,,,7.0,1,1,24,1,1,0,0,0-4,3.42
D Madushanka,,,,,,,,,,1,v Zimbabwe,Colombo (RPS),2024/01/11,Sri Lanka,,,,5.0,1,0,31,1,1,0,0,0-4,6.20
Pramod Madushan,,,,,,,,,,2,v Afghanistan,Pallekele,2024/02/11,Sri Lanka,,,,6.0,1,0,37,1,1,0,0,0-4,6.16
PVD Chameera,,,,,,,,,,2,v Zimbabwe,Colombo (RPS),2024/01/06,Sri Lanka,,,,2.0,1,1,3,0,1,0,0,0-4,1.50
KIC Asalanka,,,,,,,,,,2,v Afghanistan,Pallekele,2024/02/09,Sri Lanka,,,,0.3,1,0,3,0,1,0,0,0-4,6.00
SSD Arachchige,,,,,,,,,,1,v Zimbabwe,Colombo (RPS),2024/01/08,Sri Lanka,,,,2.0,1,0,10,0,1,0,0,0-4,5.00
J Liyanage,,,,,,,,,,1,v Zimbabwe,Colombo (RPS),2024/01/08,Sri Lanka,,,,2.0,1,0,11,0,1,0,0,0-4,5.50
J Liyanage,,,,,,,,,,1,v Afghanistan,Pallekele,2024/02/14,Sri Lanka,,,,2.0,1,0,11,0,1,0,0,0-4,5.50
J Liyanage,,,,,,,,,,2,v Afghanistan,Pallekele,2024/02/11,Sri Lanka,,,,2.0,1,0,13,0,1,0,0,0-4,6.50
MD Shanaka,,,,,,,,,,1,v Zimbabwe,Colombo (RPS),2024/01/08,Sri Lanka,,,,4.0,1,0,14,0,1,0,0,0-4,3.50
PVD Chameera,,,,,,,,,,1,v Zimbabwe,Colombo (RPS),2024/01/11,Sri Lanka,,,,4.0,1,0,14,0,1,0,0,0-4,3.50
KIC Asalanka,,,,,,,,,,1,v Afghanistan,Pallekele,2024/02/14,Sri Lanka,,,,3.0,1,0,17,0,1,0,0,0-4,5.66
KIC Asalanka,,,,,,,,,,1,v Zimbabwe,Colombo (RPS),2024/01/08,Sri Lanka,,,,2.0,1,0,18,0,1,0,0,0-4,9.00
J Liyanage,,,,,,,,,,2,v Afghanistan,Pallekele,2024/02/09,Sri Lanka,,,,3.0,1,0,25,0,1,0,0,0-4,8.33
M Theekshana,,,,,,,,,,2,v Afghanistan,Pallekele,2024/02/11,Sri Lanka,,,,6.0,1,0,25,0,1,0,0,0-4,4.16
D Madushanka,,,,,,,,,,1,v Afghanistan,Pallekele,2024/02/14,Sri Lanka,,,,6.0,1,0,52,0,1,0,0,0-4,8.66
M Theekshana,,,,,,,,,,2,v Afghanistan,Pallekele,2024/02/09,Sri Lanka,,,,10.0,1,0,56,0,1,0,0,0-4,5.60
PW Hasaranga,,,,,,,,,,2,v Afghanistan,Pallekele,2024/02/09,Sri Lanka,,,,10.0,1,1,57,0,1,0,0,0-4,5.70
D Madushanka,,,,,,,,,,2,v Afghanistan,Pallekele,2024/02/09,Sri Lanka,,,,9.0,1,0,65,0,1,0,0,0-4,7.22
M Theekshana,,,,,,,,,,2,v Zimbabwe,Colombo (RPS),2024/01/06,Sri Lanka,,,,DNB,0,-,-,-,1,0,0,-,-
J Liyanage,,,,,,,,,,2,v Zimbabwe,Colombo (RPS),2024/01/06,Sri Lanka,,,,DNB,0,-,-,-,1,0,0,-,-
JDF Vandersay,,,,,,,,,,2,v Zimbabwe,Colombo (RPS),2024/01/06,Sri Lanka,,,,DNB,0,-,-,-,1,0,0,-,-
SSD Arachchige,,,,,,,,,,2,v Zimbabwe,Colombo (RPS),2024/01/06,Sri Lanka,,,,DNB,0,-,-,-,1,0,0,-,-
MD Shanaka,,,,,,,,,,2,v Zimbabwe,Colombo (RPS),2024/01/06,Sri Lanka,,,,DNB,0,-,-,-,1,0,0,-,-
KIC Asalanka,,,,,,,,,,2,v Zimbabwe,Colombo (RPS),2024/01/06,Sri Lanka,,,,DNB,0,-,-,-,1,0,0,-,-
WIA Fernando,,,,,,,,,,2,v Zimbabwe,Colombo (RPS),2024/01/06,Sri Lanka,,,,DNB,0,-,-,-,1,0,0,-,-
BKG Mendis,,,,,,,,,,2,v Zimbabwe,Colombo (RPS),2024/01/06,Sri Lanka,,,,DNB,0,-,-,-,1,0,0,-,-
S Samarawickrama,,,,,,,,,,2,v Zimbabwe,Colombo (RPS),2024/01/06,Sri Lanka,,,,DNB,0,-,-,-,1,0,0,-,-
WIA Fernando,,,,,,,,,,1,v Zimbabwe,Colombo (RPS),2024/01/08,Sri Lanka,,,,DNB,0,-,-,-,1,0,0,-,-
BKG Mendis,,,,,,,,,,1,v Zimbabwe,Colombo (RPS),2024/01/08,Sri Lanka,,,,DNB,0,-,-,-,1,0,0,-,-
S Samarawickrama,,,,,,,,,,1,v Zimbabwe,Colombo (RPS),2024/01/08,Sri Lanka,,,,DNB,0,-,-,-,1,0,0,-,-
SSD Arachchige,,,,,,,,,,1,v Zimbabwe,Colombo (RPS),2024/01/11,Sri Lanka,,,,DNB,0,-,-,-,1,0,0,-,-
S Daniel,,,,,,,,,,1,v Zimbabwe,Colombo (RPS),2024/01/11,Sri Lanka,,,,DNB,0,-,-,-,1,0,0,-,-
KIC Asalanka,,,,,,,,,,1,v Zimbabwe,Colombo (RPS),2024/01/11,Sri Lanka,,,,DNB,0,-,-,-,1,0,0,-,-
WIA Fernando,,,,,,,,,,1,v Zimbabwe,Colombo (RPS),2024/01/11,Sri Lanka,,,,DNB,0,-,-,-,1,0,0,-,-
BKG Mendis,,,,,,,,,,1,v Zimbabwe,Colombo (RPS),2024/01/11,Sri Lanka,,,,DNB,0,-,-,-,1,0,0,-,-
S Samarawickrama,,,,,,,,,,1,v Zimbabwe,Colombo (RPS),2024/01/11,Sri Lanka,,,,DNB,0,-,-,-,1,0,0,-,-
P Nissanka,,,,,,,,,,2,v Afghanistan,Pallekele,2024/02/09,Sri Lanka,,,,DNB,0,-,-,-,1,0,0,-,-
WIA Fernando,,,,,,,,,,2,v Afghanistan,Pallekele,2024/02/09,Sri Lanka,,,,DNB,0,-,-,-,1,0,0,-,-
BKG Mendis,,,,,,,,,,2,v Afghanistan,Pallekele,2024/02/09,Sri Lanka,,,,DNB,0,-,-,-,1,0,0,-,-
S Samarawickrama,,,,,,,,,,2,v Afghanistan,Pallekele,2024/02/09,Sri Lanka,,,,DNB,0,-,-,-,1,0,0,-,-
P Nissanka,,,,,,,,,,2,v Afghanistan,Pallekele,2024/02/11,Sri Lanka,,,,DNB,0,-,-,-,1,0,0,-,-
WIA Fernando,,,,,,,,,,2,v Afghanistan,Pallekele,2024/02/11,Sri Lanka,,,,DNB,0,-,-,-,1,0,0,-,-
BKG Mendis,,,,,,,,,,2,v Afghanistan,Pallekele,2024/02/11,Sri Lanka,,,,DNB,0,-,-,-,1,0,0,-,-
S Samarawickrama,,,,,,,,,,2,v Afghanistan,Pallekele,2024/02/11,Sri Lanka,,,,DNB,0,-,-,-,1,0,0,-,-
KIC Asalanka,,,,,,,,,,2,v Afghanistan,Pallekele,2024/02/11,Sri Lanka,,,,DNB,0,-,-,-,1,0,0,-,-
P Nissanka,,,,,,,,,,1,v Afghanistan,Pallekele,2024/02/14,Sri Lanka,,,,DNB,0,-,-,-,1,0,0,-,-
WIA Fernando,,,,,,,,,,1,v Afghanistan,Pallekele,2024/02/14,Sri Lanka,,,,DNB,0,-,-,-,1,0,0,-,-
BKG Mendis,,,,,,,,,,1,v Afghanistan,Pallekele,2024/02/14,Sri Lanka,,,,DNB,0,-,-,-,1,0,0,-,-
S Samarawickrama,,,,,,,,,,1,v Afghanistan,Pallekele,2024/02/14,Sri Lanka,,,,DNB,0,-,-,-,1,0,0,-,-
R Ngarava,,,,,,,,,,2,v Sri Lanka,Colombo (RPS),2024/01/08,Zimbabwe,,,,10.0,1,3,32,5,0,1,0,5+,3.20
Sikandar Raza,,,,,,,,,,2,v Sri Lanka,Colombo (RPS),2024/01/08,Zimbabwe,,,,10.0,1,1,32,2,1,0,0,0-4,3.20
R Ngarava,,,,,,,,,,1,v Sri Lanka,Colombo (RPS),2024/01/06,Zimbabwe,,,,6.4,1,1,39,2,1,0,0,0-4,5.85
M Faraz Akram,,,,,,,,,,1,v Sri Lanka,Colombo (RPS),2024/01/06,Zimbabwe,,,,10.0,1,0,58,2,1,0,0,0-4,5.80
B Muzarabani,,,,,,,,,,1,v Sri Lanka,Colombo (RPS),2024/01/06,Zimbabwe,,,,10.0,1,1,62,2,1,0,0,0-4,6.20
WP Masakadza,,,,,,,,,,2,v Sri Lanka,Colombo (RPS),2024/01/11,Zimbabwe,,,,2.4,1,0,15,1,1,0,0,0-4,5.62
R Ngarava,,,,,,,,,,2,v Sri Lanka,Colombo (RPS),2024/01/11,Zimbabwe,,,,3.0,1,0,20,1,1,0,0,0-4,6.66
Sikandar Raza,,,,,,,,,,1,v Sri Lanka,Colombo (RPS),2024/01/06,Zimbabwe,,,,10.0,1,0,41,1,1,0,0,0-4,4.10
B Muzarabani,,,,,,,,,,2,v Sri Lanka,Colombo (RPS),2024/01/08,Zimbabwe,,,,10.0,1,0,41,1,1,0,0,0-4,4.10
LM Jongwe,,,,,,,,,,2,v Sri Lanka,Colombo (RPS),2024/01/11,Zimbabwe,,,,2.0,1,0,10,0,1,0,0,0-4,5.00
Sikandar Raza,,,,,,,,,,2,v Sri Lanka,Colombo (RPS),2024/01/11,Zimbabwe,,,,3.0,1,0,12,0,1,0,0,0-4,4.00
RP Burl,,,,,,,,,,2,v Sri Lanka,Colombo (RPS),2024/01/08,Zimbabwe,,,,2.0,1,0,23,0,1,0,0,0-4,11.50
RP Burl,,,,,,,,,,1,v Sri Lanka,Colombo (RPS),2024/01/06,Zimbabwe,,,,3.2,1,0,32,0,1,0,0,0-4,9.60
T Mufudza,,,,,,,,,,1,v Sri Lanka,Colombo (RPS),2024/01/06,Zimbabwe,,,,10.0,1,0,37,0,1,0,0,0-4,3.70
T Mufudza,,,,,,,,,,2,v Sri Lanka,Colombo (RPS),2024/01/08,Zimbabwe,,,,7.0,1,0,38,0,1,0,0,0-4,5.42
B Muzarabani,,,,,,,,,,2,v Sri Lanka,Colombo (RPS),2024/01/11,Zimbabwe,,,,6.0,1,0,38,0,1,0,0,0-4,6.33
M Faraz Akram,,,,,,,,,,2,v Sri Lanka,Colombo (RPS),2024/01/08,Zimbabwe,,,,10.0,1,0,43,0,1,0,0,0-4,4.30
TS Kamunhukamwe,,,,,,,,,,1,v Sri Lanka,Colombo (RPS),2024/01/06,Zimbabwe,,,,DNB,0,-,-,-,1,0,0,-,-
CR Ervine,,,,,,,,,,1,v Sri Lanka,Colombo (RPS),2024/01/06,Zimbabwe,,,,DNB,0,-,-,-,1,0,0,-,-
M Shumba,,,,,,,,,,1,v Sri Lanka,Colombo (RPS),2024/01/06,Zimbabwe,,,,DNB,0,-,-,-,1,0,0,-,-
T Kaitano,,,,,,,,,,1,v Sri Lanka,Colombo (RPS),2024/01/06,Zimbabwe,,,,DNB,0,-,-,-,1,0,0,-,-
C Madande,,,,,,,,,,1,v Sri Lanka,Colombo (RPS),2024/01/06,Zimbabwe,,,,DNB,0,-,-,-,1,0,0,-,-
TS Kamunhukamwe,,,,,,,,,,2,v Sri Lanka,Colombo (RPS),2024/01/08,Zimbabwe,,,,DNB,0,-,-,-,1,0,0,-,-
CR Ervine,,,,,,,,,,2,v Sri Lanka,Colombo (RPS),2024/01/08,Zimbabwe,,,,DNB,0,-,-,-,1,0,0,-,-
M Shumba,,,,,,,,,,2,v Sri Lanka,Colombo (RPS),2024/01/08,Zimbabwe,,,,DNB,0,-,-,-,1,0,0,-,-
C Madande,,,,,,,,,,2,v Sri Lanka,Colombo (RPS),2024/01/08,Zimbabwe,,,,DNB,0,-,-,-,1,0,0,-,-
J Gumbie,,,,,,,,,,2,v Sri Lanka,Colombo (RPS),2024/01/08,Zimbabwe,,,,DNB,0,-,-,-,1,0,0,-,-
C Madande,,,,,,,,,,2,v Sri Lanka,Colombo (RPS),2024/01/11,Zimbabwe,,,,DNB,0,-,-,-,1,0,0,-,-
CR Ervine,,,,,,,,,,2,v Sri Lanka,Colombo (RPS),2024/01/11,Zimbabwe,,,,DNB,0,-,-,-,1,0,0,-,-
J Gumbie,,,,,,,,,,2,v Sri Lanka,Colombo (RPS),2024/01/11,Zimbabwe,,,,DNB,0,-,-,-,1,0,0,-,-
T Kaitano,,,,,,,,,,2,v Sri Lanka,Colombo (RPS),2024/01/11,Zimbabwe,,,,DNB,0,-,-,-,1,0,0,-,-
RP Burl,,,,,,,,,,2,v Sri Lanka,Colombo (RPS),2024/01/11,Zimbabwe,,,,DNB,0,-,-,-,1,0,0,-,-
M Shumba,,,,,,,,,,2,v Sri Lanka,Colombo (RPS),2024/01/11,Zimbabwe,,,,DNB,0,-,-,-,1,0,0,-,-
A Dutt,,,,,,,,,,1,v Namibia,Kirtipur,2024/02/19,Netherlands,,,,9.0,1,0,34,6,0,1,0,5+,3.77
K Klein,,,,,,,,,,1,v Namibia,Kirtipur,2024/02/19,Netherlands,,,,5.1,1,0,21,2,1,0,0,0-4,4.06
"MP O'Dowd",,,,,,,,,,1,v Namibia,Kirtipur,2024/02/19,Netherlands,,,,2.0,1,0,16,1,1,0,0,0-4,8.00
VJ Kingma,,,,,,,,,,2,v Nepal,Kirtipur,2024/02/17,Netherlands,,,,3.0,1,0,28,1,1,0,0,0-4,9.33
RE van der Merwe,,,,,,,,,,1,v Namibia,Kirtipur,2024/02/19,Netherlands,,,,10.0,1,0,36,1,1,0,0,0-4,3.60
"MP O'Dowd",,,,,,,,,,2,v Nepal,Kirtipur,2024/02/17,Netherlands,,,,1.2,1,0,6,0,1,0,0,0-4,4.50
VJ Kingma,,,,,,,,,,1,v Namibia,Kirtipur,2024/02/19,Netherlands,,,,4.0,1,1,6,0,1,0,0,0-4,1.50
BFW de Leede,,,,,,,,,,1,v Namibia,Kirtipur,2024/02/19,Netherlands,,,,5.0,1,0,9,0,1,0,0,0-4,1.80
Shariz Ahmad,,,,,,,,,,2,v Nepal,Kirtipur,2024/02/17,Netherlands,,,,2.0,1,0,15,0,1,0,0,0-4,7.50
BFW de Leede,,,,,,,,,,2,v Nepal,Kirtipur,2024/02/17,Netherlands,,,,2.0,1,0,21,0,1,0,0,0-4,10.50
K Klein,,,,,,,,,,2,v Nepal,Kirtipur,2024/02/17,Netherlands,,,,4.0,1,0,27,0,1,0,0,0-4,6.75
A Dutt,,,,,,,,,,2,v Nepal,Kirtipur,2024/02/17,Netherlands,,,,3.0,1,0,44,0,1,0,0,0-4,14.66
M Levitt,,,,,,,,,,2,v Nepal,Kirtipur,2024/02/17,Netherlands,,,,DNB,0,-,-,-,1,0,0,-,-
W Barresi,,,,,,,,,,2,v Nepal,Kirtipur,2024/02/17,Netherlands,,,,DNB,0,-,-,-,1,0,0,-,-
SA Edwards,,,,,,,,,,2,v Nepal,Kirtipur,2024/02/17,Netherlands,,,,DNB,0,-,-,-,1,0,0,-,-
SA Engelbrecht,,,,,,,,,,2,v Nepal,Kirtipur,2024/02/17,Netherlands,,,,DNB,0,-,-,-,1,0,0,-,-
NRJ Croes,,,,,,,,,,2,v Nepal,Kirtipur,2024/02/17,Netherlands,,,,DNB,0,-,-,-,1,0,0,-,-
M Levitt,,,,,,,,,,1,v Namibia,Kirtipur,2024/02/19,Netherlands,,,,DNB,0,-,-,-,1,0,0,-,-
SA Edwards,,,,,,,,,,1,v Namibia,Kirtipur,2024/02/19,Netherlands,,,,DNB,0,-,-,-,1,0,0,-,-
SA Engelbrecht,,,,,,,,,,1,v Namibia,Kirtipur,2024/02/19,Netherlands,,,,DNB,0,-,-,-,1,0,0,-,-
AT Nidamanuru,,,,,,,,,,1,v Namibia,Kirtipur,2024/02/19,Netherlands,,,,DNB,0,-,-,-,1,0,0,-,-
NRJ Croes,,,,,,,,,,1,v Namibia,Kirtipur,2024/02/19,Netherlands,,,,DNB,0,-,-,-,1,0,0,-,-
MG Erasmus,,,,,,,,,,1,v Nepal,Kirtipur,2024/02/15,Namibia,,,,8.1,1,0,28,5,0,1,0,5+,3.42
BM Scholtz,,,,,,,,,,1,v Nepal,Kirtipur,2024/02/21,Namibia,,,,10.0,1,2,31,4,1,0,0,0-4,3.10
JN Loftie-Eaton,,,,,,,,,,1,v Nepal,Kirtipur,2024/02/21,Namibia,,,,6.1,1,0,34,4,1,0,0,0-4,5.51
MG Erasmus,,,,,,,,,,2,v Netherlands,Kirtipur,2024/02/19,Namibia,,,,7.0,1,0,23,3,1,0,0,0-4,3.28
JT Brassell,,,,,,,,,,1,v Nepal,Kirtipur,2024/02/15,Namibia,,,,5.0,1,1,11,2,1,0,0,0-4,2.20
R Trumpelmann,,,,,,,,,,1,v Nepal,Kirtipur,2024/02/15,Namibia,,,,10.0,1,0,30,2,1,0,0,0-4,3.00
JN Loftie-Eaton,,,,,,,,,,1,v Nepal,Kirtipur,2024/02/15,Namibia,,,,3.0,1,2,5,1,1,0,0,0-4,1.66
JT Brassell,,,,,,,,,,1,v Nepal,Kirtipur,2024/02/21,Namibia,,,,5.0,1,0,24,1,1,0,0,0-4,4.80
MG Erasmus,,,,,,,,,,1,v Nepal,Kirtipur,2024/02/21,Namibia,,,,10.0,1,3,38,1,1,0,0,0-4,3.80
JN Frylinck,,,,,,,,,,1,v Nepal,Kirtipur,2024/02/21,Namibia,,,,1.0,1,0,2,0,1,0,0,0-4,2.00
JN Frylinck,,,,,,,,,,1,v Nepal,Kirtipur,2024/02/15,Namibia,,,,1.0,1,0,9,0,1,0,0,0-4,9.00
T Lungameni,,,,,,,,,,1,v Nepal,Kirtipur,2024/02/15,Namibia,,,,4.0,1,0,18,0,1,0,0,0-4,4.50
R Trumpelmann,,,,,,,,,,2,v Netherlands,Kirtipur,2024/02/19,Namibia,,,,5.0,1,1,22,0,1,0,0,0-4,4.40
T Lungameni,,,,,,,,,,2,v Netherlands,Kirtipur,2024/02/19,Namibia,,,,4.0,1,0,22,0,1,0,0,0-4,5.50
JN Loftie-Eaton,,,,,,,,,,2,v Netherlands,Kirtipur,2024/02/19,Namibia,,,,2.2,1,0,22,0,1,0,0,0-4,9.42
BM Scholtz,,,,,,,,,,1,v Nepal,Kirtipur,2024/02/15,Namibia,,,,10.0,1,2,25,0,1,0,0,0-4,2.50
BM Scholtz,,,,,,,,,,2,v Netherlands,Kirtipur,2024/02/19,Namibia,,,,9.0,1,2,29,0,1,0,0,0-4,3.22
R Trumpelmann,,,,,,,,,,1,v Nepal,Kirtipur,2024/02/21,Namibia,,,,5.0,1,0,34,0,1,0,0,0-4,6.80
N Davin,,,,,,,,,,1,v Nepal,Kirtipur,2024/02/15,Namibia,,,,DNB,0,-,-,-,1,0,0,-,-
ZE Green,,,,,,,,,,1,v Nepal,Kirtipur,2024/02/15,Namibia,,,,DNB,0,-,-,-,1,0,0,-,-
M van Lingen,,,,,,,,,,1,v Nepal,Kirtipur,2024/02/15,Namibia,,,,DNB,0,-,-,-,1,0,0,-,-
JJ Smit,,,,,,,,,,1,v Nepal,Kirtipur,2024/02/15,Namibia,,,,DNB,0,-,-,-,1,0,0,-,-
JJ Smit,,,,,,,,,,2,v Netherlands,Kirtipur,2024/02/19,Namibia,,,,DNB,0,-,-,-,1,0,0,-,-
N Davin,,,,,,,,,,2,v Netherlands,Kirtipur,2024/02/19,Namibia,,,,DNB,0,-,-,-,1,0,0,-,-
JN Frylinck,,,,,,,,,,2,v Netherlands,Kirtipur,2024/02/19,Namibia,,,,DNB,0,-,-,-,1,0,0,-,-
ZE Green,,,,,,,,,,2,v Netherlands,Kirtipur,2024/02/19,Namibia,,,,DNB,0,-,-,-,1,0,0,-,-
M van Lingen,,,,,,,,,,2,v Netherlands,Kirtipur,2024/02/19,Namibia,,,,DNB,0,-,-,-,1,0,0,-,-
JP Kotze,,,,,,,,,,2,v Netherlands,Kirtipur,2024/02/19,Namibia,,,,DNB,0,-,-,-,1,0,0,-,-
JJ Smit,,,,,,,,,,1,v Nepal,Kirtipur,2024/02/21,Namibia,,,,DNB,0,-,-,-,1,0,0,-,-
N Davin,,,,,,,,,,1,v Nepal,Kirtipur,2024/02/21,Namibia,,,,DNB,0,-,-,-,1,0,0,-,-
ZE Green,,,,,,,,,,1,v Nepal,Kirtipur,2024/02/21,Namibia,,,,DNB,0,-,-,-,1,0,0,-,-
M van Lingen,,,,,,,,,,1,v Nepal,Kirtipur,2024/02/21,Namibia,,,,DNB,0,-,-,-,1,0,0,-,-
JP Kotze,,,,,,,,,,1,v Nepal,Kirtipur,2024/02/21,Namibia,,,,DNB,0,-,-,-,1,0,0,-,-
Azmatullah Omarzai,,,,,,,,,,1,v Sri Lanka,Pallekele,2024/02/11,Afghanistan,,,,10.0,1,0,56,3,1,0,0,0-4,5.60
Qais Ahmad,,,,,,,,,,2,v Sri Lanka,Pallekele,2024/02/14,Afghanistan,,,,7.0,1,0,46,2,1,0,0,0-4,6.57
Fareed Ahmad,,,,,,,,,,1,v Sri Lanka,Pallekele,2024/02/09,Afghanistan,,,,9.0,1,1,79,2,1,0,0,0-4,8.77
Mohammad Nabi,,,,,,,,,,1,v Sri Lanka,Pallekele,2024/02/09,Afghanistan,,,,10.0,1,0,44,1,1,0,0,0-4,4.40
Mohammad Nabi,,,,,,,,,,2,v Sri Lanka,Pallekele,2024/02/14,Afghanistan,,,,9.2,1,0,46,1,1,0,0,0-4,4.92
Noor Ahmad,,,,,,,,,,1,v Sri Lanka,Pallekele,2024/02/11,Afghanistan,,,,8.0,1,0,54,1,1,0,0,0-4,6.75
Fazalhaq Farooqi,,,,,,,,,,1,v Sri Lanka,Pallekele,2024/02/11,Afghanistan,,,,10.0,1,1,55,1,1,0,0,0-4,5.50
Qais Ahmad,,,,,,,,,,1,v Sri Lanka,Pallekele,2024/02/11,Afghanistan,,,,7.0,1,0,55,1,1,0,0,0-4,7.85
Azmatullah Omarzai,,,,,,,,,,2,v Sri Lanka,Pallekele,2024/02/14,Afghanistan,,,,4.0,1,0,29,0,1,0,0,0-4,7.25
Mohammad Nabi,,,,,,,,,,1,v Sri Lanka,Pallekele,2024/02/11,Afghanistan,,,,10.0,1,0,38,0,1,0,0,0-4,3.80
Fareed Ahmad,,,,,,,,,,2,v Sri Lanka,Pallekele,2024/02/14,Afghanistan,,,,4.0,1,0,45,0,1,0,0,0-4,11.25
Sharafuddin Ashraf,,,,,,,,,,2,v Sri Lanka,Pallekele,2024/02/14,Afghanistan,,,,6.0,1,0,47,0,1,0,0,0-4,7.83
Gulbadin Naib,,,,,,,,,,1,v Sri Lanka,Pallekele,2024/02/11,Afghanistan,,,,5.0,1,0,48,0,1,0,0,0-4,9.60
Fazalhaq Farooqi,,,,,,,,,,2,v Sri Lanka,Pallekele,2024/02/14,Afghanistan,,,,5.0,1,0,54,0,1,0,0,0-4,10.80
Azmatullah Omarzai,,,,,,,,,,1,v Sri Lanka,Pallekele,2024/02/09,Afghanistan,,,,6.0,1,0,55,0,1,0,0,0-4,9.16
Gulbadin Naib,,,,,,,,,,1,v Sri Lanka,Pallekele,2024/02/09,Afghanistan,,,,8.0,1,0,61,0,1,0,0,0-4,7.62
Noor Ahmad,,,,,,,,,,1,v Sri Lanka,Pallekele,2024/02/09,Afghanistan,,,,8.0,1,0,62,0,1,0,0,0-4,7.75
Fazalhaq Farooqi,,,,,,,,,,1,v Sri Lanka,Pallekele,2024/02/09,Afghanistan,,,,9.0,1,0,77,0,1,0,0,0-4,8.55
Ibrahim Zadran,,,,,,,,,,1,v Sri Lanka,Pallekele,2024/02/09,Afghanistan,,,,DNB,0,-,-,-,1,0,0,-,-
Ikram Alikhil,,,,,,,,,,1,v Sri Lanka,Pallekele,2024/02/09,Afghanistan,,,,DNB,0,-,-,-,1,0,0,-,-
Hashmatullah Shahidi,,,,,,,,,,1,v Sri Lanka,Pallekele,2024/02/09,Afghanistan,,,,DNB,0,-,-,-,1,0,0,-,-
Rahmanullah Gurbaz,,,,,,,,,,1,v Sri Lanka,Pallekele,2024/02/09,Afghanistan,,,,DNB,0,-,-,-,1,0,0,-,-
Rahmat Shah,,,,,,,,,,1,v Sri Lanka,Pallekele,2024/02/09,Afghanistan,,,,DNB,0,-,-,-,1,0,0,-,-
Ibrahim Zadran,,,,,,,,,,1,v Sri Lanka,Pallekele,2024/02/11,Afghanistan,,,,DNB,0,-,-,-,1,0,0,-,-
Ikram Alikhil,,,,,,,,,,1,v Sri Lanka,Pallekele,2024/02/11,Afghanistan,,,,DNB,0,-,-,-,1,0,0,-,-
Hashmatullah Shahidi,,,,,,,,,,1,v Sri Lanka,Pallekele,2024/02/11,Afghanistan,,,,DNB,0,-,-,-,1,0,0,-,-
Rahmanullah Gurbaz,,,,,,,,,,1,v Sri Lanka,Pallekele,2024/02/11,Afghanistan,,,,DNB,0,-,-,-,1,0,0,-,-
Rahmat Shah,,,,,,,,,,1,v Sri Lanka,Pallekele,2024/02/11,Afghanistan,,,,DNB,0,-,-,-,1,0,0,-,-
Hashmatullah Shahidi,,,,,,,,,,2,v Sri Lanka,Pallekele,2024/02/14,Afghanistan,,,,DNB,0,-,-,-,1,0,0,-,-
Ibrahim Zadran,,,,,,,,,,2,v Sri Lanka,Pallekele,2024/02/14,Afghanistan,,,,DNB,0,-,-,-,1,0,0,-,-
Rahmat Shah,,,,,,,,,,2,v Sri Lanka,Pallekele,2024/02/14,Afghanistan,,,,DNB,0,-,-,-,1,0,0,-,-
Ikram Alikhil,,,,,,,,,,2,v Sri Lanka,Pallekele,2024/02/14,Afghanistan,,,,DNB,0,-,-,-,1,0,0,-,-
Rahmanullah Gurbaz,,,,,,,,,,2,v Sri Lanka,Pallekele,2024/02/14,Afghanistan,,,,DNB,0,-,-,-,1,0,0,-,-
